id,video_url,video_title,publish_status,enable_youtube_upload,new_logo_url,intro_background_url,youtube_category,youtube_privacy,processed_video_drive_link,youtube_title,youtube_description,youtube_link,youtube_upload_time
video001,https://www.youtube.com/watch?v=voypO0L4knM,H·ªçc Ti·∫øng Anh Qua Nh·ªØng ƒêo·∫°n Video Ng·∫Øn - Nh·ªØng C√¢u N√≥i Hay - #6 [English For Life],published,TRUE,https://drive.google.com/file/d/1A0r5b5AZReXkqC-mxtoPCzSQeBv52pJe/view?usp=drive_link,https://drive.google.com/file/d/1c0R9soR7b9tSxtrrMyRkOjMsGU97nlvU/view?usp=drive_link,other,public,https://drive.google.com/open?id=1u4tViTNKqEr4qGiOdLeuE_tThlaofgdE,H·ªçc Ti·∫øng Anh Hi·ªáu Qu·∫£ Qua Video Ng·∫Øn | Nh·ªØng C√¢u N√≥i Hay T·ª´ English For Life #6,"Ch√†o m·ª´ng b·∫°n ƒë·∫øn v·ªõi t·∫≠p #6 c·ªßa series 'English For Life'! Trong video n√†y, ch√∫ng ta s·∫Ω c√πng h·ªçc ti·∫øng Anh m·ªôt c√°ch th√∫ v·ªã v√† hi·ªáu qu·∫£ qua nh·ªØng ƒëo·∫°n video ng·∫Øn c√πng v·ªõi nh·ªØng c√¢u n√≥i hay ƒë·∫ßy √Ω nghƒ©a. ƒê√¢y l√† ph∆∞∆°ng ph√°p gi√∫p b·∫°n d·ªÖ d√†ng ti·∫øp thu ki·∫øn th·ª©c v√† n√¢ng cao kh·∫£ nƒÉng giao ti·∫øp ti·∫øng Anh c·ªßa m√¨nh.

B·∫°n ƒëang t√¨m ki·∫øm m·ªôt c√°ch h·ªçc ti·∫øng Anh kh√¥ng nh√†m ch√°n? Lo·∫°t video n√†y ch√≠nh l√† d√†nh cho b·∫°n! M·ªói b√†i h·ªçc ƒë∆∞·ª£c bi√™n so·∫°n c·∫©n th·∫≠n, gi√∫p b·∫°n ti·∫øp c·∫≠n ti·∫øng Anh t·ª± nhi√™n qua c√°c ng·ªØ c·∫£nh ƒë·ªùi th·ª±c. Ch√∫ng t√¥i t·∫≠p trung v√†o nh·ªØng c√¢u n√≥i, ƒëo·∫°n h·ªôi tho·∫°i ng·∫Øn g·ªçn, d·ªÖ hi·ªÉu ƒë·ªÉ b·∫°n c√≥ th·ªÉ h·ªçc m·ªçi l√∫c m·ªçi n∆°i.

V·ªõi ph∆∞∆°ng ph√°p h·ªçc ti·∫øng Anh qua video ng·∫Øn, b·∫°n kh√¥ng ch·ªâ c·∫£i thi·ªán k·ªπ nƒÉng nghe v√† n√≥i m√† c√≤n t√≠ch l≈©y ƒë∆∞·ª£c nh·ªØng c√¢u n√≥i hay, ch√¢m ng√¥n s·ªëng gi√° tr·ªã. ƒêi·ªÅu n√†y gi√∫p b·∫°n kh√¥ng ch·ªâ gi·ªèi ti·∫øng Anh m√† c√≤n ph√°t tri·ªÉn t∆∞ duy t√≠ch c·ª±c. Kh√°m ph√° ngay nh·ªØng b√≠ quy·∫øt gi√∫p b·∫°n h·ªçc ti·∫øng Anh hi·ªáu qu·∫£ m√† kh√¥ng c·∫ßn ph·∫£i ghi nh·ªõ m√°y m√≥c.

üîî ƒê·ª´ng qu√™n ƒêƒÇNG K√ù k√™nh ƒë·ªÉ nh·∫≠n th√¥ng b√°o v·ªÅ c√°c video h·ªçc ti·∫øng Anh m·ªõi nh·∫•t m·ªói tu·∫ßn nh√©!
üëç N·∫øu th·∫•y video h·ªØu √≠ch, h√£y ƒë·ªÉ l·∫°i LIKE v√† chia s·∫ª cho b·∫°n b√® c√πng h·ªçc.

#HocTiengAnh #EnglishForLife #HocTiengAnhQuaVideo #CauNoiHay #TiengAnhMoiNgay #PhuongPhapHocTiengAnh #EnglishLearning",https://www.youtube.com/watch?v=example,06/12/2025 14:30:25
video002,https://www.youtube.com/watch?v=voypO0L4knM,H·ªçc Ti·∫øng Anh Qua Nh·ªØng ƒêo·∫°n Video Ng·∫Øn - Nh·ªØng C√¢u N√≥i Hay - #6 [English For Life],pending,TRUE,https://drive.google.com/file/d/1A0r5b5AZReXkqC-mxtoPCzSQeBv52pJe/view?usp=drive_link,https://drive.google.com/file/d/1c0R9soR7b9tSxtrrMyRkOjMsGU97nlvU/view?usp=drive_link,other,public,,,,
